{
  "feature_names": [
    "Q_Waves",
    "ST_Elevation"
  ],
  "scaler_mean": [
    -0.045151205067766986,
    -0.02162079417599179
  ],
  "scaler_std": [
    0.08826815152156159,
    0.059935878867592135
  ],
  "svm_intercept": -0.2653293362003255,
  "training_accuracy": 0.8611111111111112,
  "n_training_samples": 36,
  "n_support_vectors": 24,
  "kernel": "rbf",
  "exponential_filter_w": 0.55,
  "feature_importance": [
    0.11111111111111116,
    0.2694444444444445
  ]
}