{
  "X_train": [
    [
      -0.07904769336257719,
      -0.059534057454256266
    ],
    [
      -0.053610426303265284,
      -0.007392859660548649
    ],
    [
      -0.04968856799489578,
      -0.013150051748795496
    ],
    [
      -0.08884332523463513,
      -0.03180913435082801
    ],
    [
      -0.09764657936130655,
      -0.008877259593089682
    ],
    [
      -0.042941627864561495,
      0.03890629256639812
    ],
    [
      -0.10971305882966285,
      -0.032811229281354916
    ],
    [
      -0.09607905226075888,
      -0.03006479512303766
    ],
    [
      -0.11994978712555121,
      -0.019391603223091778
    ],
    [
      -0.0881615179072418,
      -0.011147954351196225
    ],
    [
      -0.06592893343626322,
      -0.05379490394742849
    ],
    [
      -0.08259394309503051,
      0.007969968887226337
    ],
    [
      -0.0601241092781875,
      -0.029825539075670832
    ],
    [
      -0.09869138437297155,
      0.04047089505951906
    ],
    [
      -0.0700523753798899,
      -0.01011616343068367
    ],
    [
      -0.09871234029492348,
      0.05796604763109141
    ],
    [
      -0.04811358233501486,
      0.005998045844563275
    ],
    [
      -0.05432982413403157,
      0.08320506483546536
    ],
    [
      -0.017334685077902135,
      -0.02264374634816946
    ],
    [
      0.0022306168358957536,
      -0.042907990438353145
    ],
    [
      -0.04561454618462637,
      -0.007552994392073048
    ],
    [
      -0.08332560698617639,
      -0.02820991982817114
    ],
    [
      -0.031019244587729755,
      -0.057622789043064955
    ],
    [
      -0.4628090497898557,
      -0.08640117920595099
    ],
    [
      -0.09711971204160186,
      -0.035899615045469555
    ],
    [
      -0.10263173941674487,
      -0.11917616338600699
    ],
    [
      -0.050654081964770406,
      -0.034907645059334774
    ],
    [
      0.1634807138212183,
      -0.3107426093862577
    ],
    [
      -0.10057846710477024,
      0.01737042930580076
    ],
    [
      -0.1069435199532069,
      -0.014272869660959364
    ],
    [
      -0.02467932006245783,
      -0.04357675395406262
    ],
    [
      0.33223402528296514,
      -0.29434968137937545
    ],
    [
      -0.03752778916841983,
      0.0015314361148290412
    ],
    [
      -0.04476726962336559,
      -0.02711574076326032
    ],
    [
      -0.015031364681694023,
      -0.023987809391971045
    ]
  ],
  "y_train": [
    0,
    0,
    0,
    0,
    0,
    0,
    0,
    0,
    0,
    0,
    0,
    0,
    0,
    0,
    0,
    0,
    0,
    0,
    1,
    1,
    1,
    1,
    1,
    1,
    1,
    1,
    1,
    1,
    1,
    1,
    1,
    1,
    1,
    1,
    1
  ],
  "X_train_normalized": [
    [
      -0.1712529175165872,
      -0.3317336009108496
    ],
    [
      0.06684686148173843,
      0.35634992487581124
    ],
    [
      0.10355652822023693,
      0.2803748955643438
    ],
    [
      -0.2629427118033576,
      0.03413952146443235
    ],
    [
      -0.345343578890974,
      0.3367609782754404
    ],
    [
      0.16670973371993902,
      0.9673386488267489
    ],
    [
      -0.4582891279550481,
      0.020915333257288685
    ],
    [
      -0.33067109637372744,
      0.05715876798758777
    ],
    [
      -0.5541077054474234,
      0.19800799709368763
    ],
    [
      -0.2565608086848635,
      0.3067956586960004
    ],
    [
      -0.048457735475048225,
      -0.25599661850333183
    ],
    [
      -0.20444678522262716,
      0.55908614269405
    ],
    [
      0.0058770067729798925,
      0.06031612055338969
    ],
    [
      -0.35512323964594933,
      0.9879859919158096
    ],
    [
      -0.08705428019035528,
      0.3204117312931401
    ],
    [
      -0.35531939280870173,
      1.2188615140557293
    ],
    [
      0.11829882489341279,
      0.5330635767157268
    ],
    [
      0.06011310096737439,
      1.5519292739120554
    ],
    [
      0.40639772394742735,
      0.15509095255781485
    ],
    [
      0.5895343026863545,
      -0.1123270031274646
    ],
    [
      0.14169048696657974,
      0.3542367001067112
    ],
    [
      -0.21129535941798727,
      0.08163670840307154
    ],
    [
      0.2783065030083989,
      -0.30651146634653975
    ],
    [
      -3.7633642060594057,
      -0.6862867114049198
    ],
    [
      -0.3404119566341245,
      -0.019840680326614513
    ],
    [
      -0.3920060408883067,
      -1.1188031787373316
    ],
    [
      0.09451905330947256,
      -0.006750106377112042
    ],
    [
      2.0988793265107195,
      -3.646817899607049
    ],
    [
      -0.3727868502981928,
      0.6831397168835411
    ],
    [
      -0.4323654863596734,
      0.26555758141527436
    ],
    [
      0.33764993109025754,
      -0.1211523691964887
    ],
    [
      3.678456490621542,
      -3.4304879306337686
    ],
    [
      0.2173847450754546,
      0.4741197721773616
    ],
    [
      0.1496212273844189,
      0.09607608879100438
    ],
    [
      0.4279574330160446,
      0.1373539676554436
    ]
  ],
  "feature_names": [
    "Q_Waves",
    "ST_Elevation"
  ]
}